city,Lat,Long,MaxTemp,Humidity,Cloundiness,Wind Speed
Upernavik,72.79,-56.15,11.98,82,0,9.13
Iqaluit,63.75,-68.51,17.6,61,90,9.17
Talnakh,69.49,88.4,-1.97,76,0,4.88
Sterlibashevo,53.44,55.26,31.08,92,6,6.22
Albany,42.6,-73.97,50.0,88,96,1.83
Kapaa,22.08,-159.32,77.0,83,40,4.74
Dikson,73.51,80.55,2.71,92,2,22.35
Ushuaia,-54.8,-68.3,46.4,61,75,19.46
Saskylakh,71.92,114.08,5.5,92,100,13.56
Lipin Bor,60.26,37.98,43.39,94,82,8.55
Portland,45.52,-122.68,59.0,70,0,1.01
Sena Madureira,-9.07,-68.66,95.05,44,87,3.11
Atuona,-9.8,-139.03,78.3,67,21,14.65
Mataura,-46.19,168.86,48.99,86,100,3.0
Broken Hill,-31.95,141.43,55.4,66,75,8.48
Jamestown,42.1,-79.24,50.0,87,90,11.41
Mwanza,-2.52,32.9,71.6,83,75,6.93
Hithadhoo,-0.6,73.08,83.23,74,6,11.18
Arraial do Cabo,-22.97,-42.03,89.6,74,20,14.99
Changji,44.02,87.32,41.0,56,0,4.47
Tuatapere,-46.13,167.68,48.99,86,100,3.0
Hilo,19.73,-155.09,81.0,65,1,8.05
Hermanus,-34.42,19.23,63.0,65,63,11.43
Lagoa,39.05,-27.98,64.71,72,1,10.33
Guerrero Negro,27.98,-114.06,74.71,19,0,6.24
Busselton,-33.65,115.33,55.99,50,0,10.56
Bredasdorp,-34.53,20.04,64.4,68,100,6.93
New Norfolk,-42.78,147.06,48.99,73,4,1.74
George Town,5.41,100.34,80.6,88,20,3.36
Vaini,-21.2,-175.2,73.4,73,20,10.29
Tuktoyaktuk,69.45,-133.04,21.2,92,90,25.28
Srednekolymsk,67.45,153.68,6.73,94,92,1.97
Cape Town,-33.93,18.42,62.01,82,75,19.46
Marsh Harbour,26.54,-77.06,81.55,79,29,14.79
Castro,-24.79,-50.01,79.66,42,0,4.32
Yellowknife,62.46,-114.35,24.8,73,90,8.05
Quang Ngai,15.12,108.8,73.44,86,61,10.16
São Filipe,14.9,-24.5,81.84,68,69,1.48
Poum,-20.23,164.02,76.39,77,0,21.14
Tiksi,71.69,128.87,0.7,91,99,18.32
Wajid,3.81,43.25,77.58,74,50,13.4
Jaru,-10.44,-62.47,93.54,45,100,3.96
Kaitangata,-46.28,169.85,51.01,85,100,11.01
Aklavik,68.22,-135.01,12.2,85,75,1.66
Nikolskoye,59.7,30.79,46.99,87,0,6.71
Novoagansk,61.94,76.66,4.8,92,0,9.17
Ifanadiana,-21.3,47.63,65.16,94,46,0.87
Changying,52.87,123.32,14.31,94,40,3.51
Avarua,-21.21,-159.78,73.4,83,36,10.29
Saint-François,46.42,3.91,57.2,67,90,4.7
Cherskiy,68.75,161.3,4.53,94,100,6.44
Huancavelica,-12.77,-74.98,59.22,29,94,4.59
East London,-33.02,27.91,69.8,88,75,5.82
Faanui,-16.48,-151.75,79.88,80,13,16.73
Rikitea,-23.12,-134.97,74.75,83,49,13.76
Punta Arenas,-53.15,-70.92,50.0,65,75,24.16
Sept-Îles,50.2,-66.38,30.99,58,75,4.7
Uvalde,29.37,-99.77,64.0,36,1,11.41
Bluff,-46.6,168.33,48.99,86,100,3.0
East Hartford,41.78,-72.61,50.0,81,90,2.77
Bandiagara,14.35,-3.61,89.6,49,0,4.7
Airai,-8.93,125.41,59.77,78,67,2.21
Leningradskiy,69.38,178.42,18.46,92,100,7.78
Korla,41.76,86.15,48.99,57,3,1.99
Dalvik,65.97,-18.53,41.0,80,40,18.34
Chui,-33.7,-53.46,67.41,85,73,10.92
Beringovskiy,63.05,179.32,25.48,94,70,12.68
Ponta do Sol,32.67,-17.1,68.0,72,40,6.93
Lebu,-37.62,-73.65,53.71,65,0,17.85
Te Anau,-45.42,167.72,49.71,84,90,0.58
Chongwe,-15.33,28.68,77.0,25,0,3.36
Robertsport,6.75,-11.37,80.67,83,100,10.78
Tshikapa,-6.42,20.8,72.57,93,100,1.99
Nouadhibou,20.93,-17.03,77.0,53,100,12.75
Puerto Maldonado,-12.6,-69.18,84.2,70,20,9.17
San Quintín,30.48,-115.95,71.47,25,0,8.97
Tāybād,34.74,60.78,41.34,65,0,8.43
Albuquerque,35.08,-106.65,43.0,52,75,8.05
Huntingdon,52.33,-0.19,46.99,85,58,8.99
Ilulissat,69.22,-51.1,17.6,48,40,5.82
Beohāri,24.05,81.38,66.11,49,0,3.83
Kavaratti,10.57,72.64,81.75,75,0,7.76
Cabo San Lucas,22.89,-109.91,84.99,51,20,14.99
Dhidhdhoo,6.88,73.1,82.44,73,1,5.97
Sola,-13.88,167.55,80.6,83,75,6.93
Caravelas,-17.71,-39.25,79.03,82,100,15.1
Mahébourg,-20.41,57.7,73.4,78,75,6.93
Khatanga,71.97,102.5,-1.88,87,0,4.76
Ribeira Grande,38.52,-28.7,66.2,82,75,16.11
Raja,8.46,25.68,76.41,60,88,0.51
Vardø,70.37,31.11,35.6,79,0,18.34
San Cristobal,7.77,-72.22,86.0,58,75,4.7
Hobart,-42.88,147.33,50.0,87,75,5.82
Lavrentiya,65.58,-171.0,25.59,88,95,3.36
Port Alfred,-33.59,26.89,66.22,86,86,2.71
Ginda,30.69,78.49,50.63,44,0,5.68
Zanesville,39.94,-82.01,54.0,81,90,4.7
Puerto Ayora,-0.74,-90.35,75.2,73,40,10.29
Fomboni,-12.28,43.74,79.84,74,1,6.02
Uvinza,-5.1,30.39,70.5,76,26,2.44
Saint Paul Harbor,57.79,-152.41,39.2,60,1,6.93
Sittwe,20.15,92.9,79.38,84,38,5.53
Tagusao,9.19,117.81,79.48,78,14,4.99
Walvis Bay,-22.96,14.51,62.6,67,28,9.17
Hualmay,-11.1,-77.61,68.7,69,64,11.74
Chokurdakh,70.63,147.92,-4.16,91,50,7.05
Alofi,-19.06,-169.92,75.2,73,26,18.34
Mar del Plata,-38.0,-57.56,62.01,59,90,5.82
Itarema,-2.92,-39.92,81.27,72,0,17.69
Provideniya,64.38,-173.3,21.2,67,0,2.24
Constitución,-35.33,-72.42,60.37,56,0,20.51
Kenai,60.55,-151.26,28.99,92,90,5.82
Xudat,41.63,48.68,58.3,87,48,4.16
Kavieng,-2.57,150.8,82.58,69,100,2.86
Porto-Novo,6.5,2.6,80.6,88,20,8.05
Lanigan,51.85,-105.03,28.4,86,93,3.36
Klaksvík,62.23,-6.59,46.4,87,97,11.41
Nokha,27.6,73.42,72.95,20,0,8.41
Nuevitas,21.55,-77.26,86.0,70,40,16.11
Sørland,67.67,12.69,46.4,81,75,4.7
Hasaki,35.73,140.83,55.4,100,75,2.24
Semey,50.41,80.23,30.31,95,100,11.12
Shawnee,39.05,-95.77,48.0,49,20,5.82
Phang Nga,8.45,98.53,80.01,94,75,10.29
Matagami,49.75,-77.63,32.0,97,90,6.93
Acopiara,-6.1,-39.45,93.72,31,70,6.11
Nome,64.5,-165.41,17.6,78,1,5.7
Ahipara,-35.17,173.17,64.51,81,100,4.52
Sitka,57.05,-135.33,42.8,81,90,4.7
Carutapera,-1.2,-46.02,83.28,69,78,8.75
Mehamn,71.04,27.85,39.2,85,75,14.99
Lokoja,7.8,6.74,80.02,56,0,1.61
Betsiamites,48.94,-68.65,33.8,85,90,13.87
Cheremshanka,56.12,60.27,29.64,92,12,17.05
São Gabriel da Cachoeira,-0.13,-67.09,89.6,75,40,9.17
Salalah,17.02,54.09,82.4,74,20,1.12
Borodino,55.91,94.9,32.27,90,50,12.1
Eureka,40.8,-124.16,72.0,51,1,4.7
Esmeraldas,-19.76,-44.31,91.4,38,40,9.17
Narganá,9.44,-78.59,85.08,68,21,4.81
Birjand,32.87,59.22,48.2,36,0,9.17
Doumé,4.23,13.45,71.1,82,100,1.95
Honiara,-9.43,159.95,75.2,100,75,4.7
Shingū,33.73,135.98,57.29,83,4,5.84
Labuhan,-6.88,112.21,79.0,85,94,7.14
Bengkulu,-3.8,102.27,75.24,85,100,3.2
Port Hardy,50.7,-127.42,51.8,100,75,6.93
Kahului,20.89,-156.47,82.4,69,40,13.87
Sinnamary,5.38,-52.95,84.79,70,0,12.68
Butaritari,3.07,172.79,80.56,72,100,3.13
Half Moon Bay,37.46,-122.43,72.0,55,1,6.93
Gamba,-2.65,10.0,76.3,88,100,1.66
Rovaniemi,66.5,25.72,42.8,100,90,11.41
Thompson,55.74,-97.86,15.8,61,40,9.17
Champerico,14.3,-91.92,89.6,59,40,4.7
Navrongo,10.9,-1.09,83.59,18,24,3.78
Baracoa,20.35,-74.5,82.69,78,55,12.71
Misratah,32.38,15.09,69.46,63,0,20.02
Port Lincoln,-34.73,135.87,58.89,78,79,12.91
Cidreira,-30.18,-50.21,71.98,72,13,10.89
Tongliao,43.61,122.27,34.32,71,0,5.57
Chitral,35.85,71.79,50.27,46,76,5.68
Pevek,69.7,170.31,21.16,97,100,8.7
Torbay,47.67,-52.73,37.0,79,75,8.05
Hokitika,-42.72,170.97,57.06,88,100,2.68
Carnarvon,-24.87,113.63,68.0,94,0,14.99
Mezhdurechenskiy,59.6,65.93,28.71,98,100,6.02
Homer,59.64,-151.55,37.0,80,40,6.93
Bathsheba,13.22,-59.52,77.0,94,75,16.11
Norman Wells,65.28,-126.83,17.6,92,75,4.05
Antofagasta,-23.65,-70.4,62.6,63,40,14.99
Barrow,71.29,-156.79,26.6,63,75,11.41
Chuguyevka,44.17,133.86,31.57,94,96,7.0
Ponta Delgada,37.73,-25.67,66.2,63,40,8.05
Kabare,-2.47,28.82,63.19,84,100,1.99
Channel-Port aux Basques,47.57,-59.14,35.55,79,100,12.12
Kamaishi,39.27,141.88,55.26,74,92,7.74
West Bay,19.37,-81.42,87.8,70,20,10.29
Hambantota,6.12,81.12,77.0,100,75,2.24
Sur,22.57,59.53,71.42,62,0,3.22
Ostrovnoy,68.05,39.51,38.71,87,100,16.62
Cap Malheureux,-19.98,57.61,72.0,74,0,3.0
Pisco,-13.7,-76.22,69.8,68,0,21.92
Tasiilaq,65.61,-37.64,35.6,34,75,20.8
Vanavara,60.34,102.28,23.54,97,100,9.98
Bambous Virieux,-20.34,57.76,73.4,78,75,6.93
Hunchun,42.87,130.36,32.02,85,0,4.32
Mossamedes,-15.2,12.15,70.18,82,84,5.82
Sal Rei,16.18,-22.92,80.6,83,75,11.41
Porto Torres,40.84,8.4,57.2,93,20,2.24
Puyang,29.46,119.89,58.91,85,79,3.24
Alice Springs,-23.7,133.88,59.0,24,0,5.82
Aswān,24.09,32.91,83.86,19,0,10.0
Cockburn Town,21.46,-71.14,82.09,78,2,19.8
Asău,46.43,26.4,50.0,98,85,2.64
Esperance,-33.87,121.9,51.8,81,75,6.93
Hohhot,40.81,111.65,35.6,34,0,4.47
Mt. Pleasant,32.79,-79.86,82.0,69,90,4.7
Thinadhoo,0.53,72.93,83.41,74,100,10.63
Tura,25.52,90.22,70.81,90,0,3.58
Jaqué,7.52,-78.17,82.35,77,38,5.19
Price,39.6,-110.81,48.2,26,1,8.05
Sovetsk,55.08,21.88,48.58,87,72,6.87
Coquimbo,-29.95,-71.34,64.4,55,0,16.11
Leshukonskoye,64.9,45.76,42.96,81,100,19.37
Zaykovo,57.56,62.76,33.04,90,80,7.7
Saint Anthony,45.02,-93.22,45.0,52,1,8.05
Kirakira,-10.45,161.92,80.64,80,81,11.52
Healdsburg,38.61,-122.87,75.99,28,1,2.98
Geraldton,-28.77,114.6,57.2,76,0,11.41
Dom Pedrito,-30.98,-54.67,76.46,64,2,6.35
Port Elizabeth,-33.92,25.57,62.6,93,43,9.17
Fortuna,40.6,-124.16,71.01,34,20,4.7
Luau,-10.71,22.22,68.61,91,75,7.31
Sokoni,-6.43,39.55,78.8,83,20,13.58
Tarko-Sale,64.92,77.78,-3.19,90,0,9.66
Sydney,-33.87,151.21,61.0,93,75,11.41
Saint-Philippe,-21.36,55.77,73.4,73,0,11.41
Aitape,-3.14,142.35,77.0,87,85,4.97
Falun,60.6,15.63,45.0,93,22,8.05
Svetlaya,46.54,138.33,40.3,89,100,13.82
Wad Medani,14.4,33.52,88.59,13,0,12.08
Strezhevoy,60.73,77.59,5.0,84,0,4.47
Nerchinskiy Zavod,51.31,119.61,22.03,80,0,1.68
Vitim,59.45,112.56,9.97,94,11,5.17
Laas,46.62,10.7,45.0,60,5,5.82
Longyearbyen,78.22,15.64,30.2,74,75,10.29
Waddān,29.16,16.14,65.05,41,0,9.1
Gunjur,13.2,-16.73,84.2,83,0,6.67
Boa Vista,2.82,-60.67,93.2,44,75,9.17
Santa Cruz de la Sierra,-17.8,-63.17,89.6,49,40,27.51
Nanortalik,60.14,-45.24,32.74,93,100,14.79
Grenå,56.42,10.88,48.2,87,35,4.7
Souillac,-20.52,57.52,73.4,78,75,6.93
Moerai,-22.43,-151.33,77.76,87,96,19.53
Vaitape,-16.52,-151.75,80.76,79,13,16.82
Iskateley,67.68,53.15,36.99,98,100,12.93
Iralaya,15.0,-83.23,84.94,72,68,6.04
‘Ewa Beach,21.32,-158.01,80.6,78,20,5.82
Bethel,41.37,-73.41,53.01,93,90,7.23
Makaha,21.47,-158.22,80.6,83,75,5.82
Beloha,-25.17,45.05,70.2,78,7,20.78
Aksu,41.12,80.26,45.77,49,100,1.66
Lovozero,68.0,35.01,36.72,88,76,5.44
Verāval,20.9,70.37,78.6,54,0,10.49
Guarapari,-20.67,-40.5,84.99,83,4,13.0
Naryan-Mar,67.67,53.09,37.13,98,100,12.97
Griffith,41.53,-87.42,51.01,43,1,11.41
Straumen,63.87,11.3,46.0,93,40,9.17
Fairbanks,64.84,-147.72,17.6,92,90,3.36
Mpika,-11.83,31.45,70.86,48,39,10.11
Brae,60.4,-1.35,50.0,81,40,6.93
Broome,42.25,-75.83,52.0,87,90,9.17
Tiarei,-17.53,-149.33,77.0,88,75,17.22
Adrar,20.5,-10.07,84.87,15,0,10.42
Buraidah,26.33,43.98,73.4,25,0,9.17
Winnemucca,40.97,-117.74,55.4,20,1,2.48
Pangnirtung,66.15,-65.71,19.4,57,90,3.71
Mthatha,-31.59,28.78,68.0,88,40,8.05
Nazca,-14.83,-74.95,81.75,37,49,9.33
Coffs Harbour,-30.3,153.13,57.2,93,90,1.12
Xam Nua,20.42,104.04,62.91,95,100,5.19
Padre Bernardo,-15.35,-48.5,73.47,78,100,5.93
Xining,36.62,101.77,34.16,75,0,2.19
Nhulunbuy,-12.23,136.77,77.0,83,40,3.4
Vanimo,-2.67,141.3,78.03,82,52,4.27
Namatanai,-3.67,152.43,79.68,81,100,4.5
Hirara,24.8,125.28,76.96,76,8,16.2
Winslow,35.02,-110.7,46.4,42,1,9.17
Kitami,43.8,143.89,48.99,76,100,1.99
Abéché,13.83,20.83,87.13,20,0,6.69
Lüderitz,-26.65,15.16,61.66,64,83,15.61
Vestmannaeyjar,63.44,-20.27,45.37,75,100,32.08
Lata,40.16,-8.33,61.0,85,0,1.28
Boshnyakovo,49.63,142.17,38.35,86,94,7.31
Bocanda,7.06,-4.5,76.5,83,59,4.03
Severo-Kuril'sk,50.68,156.12,41.83,80,82,1.5
Bath,51.38,-2.36,46.99,89,58,4.0
College,64.86,-147.8,17.6,84,40,2.37
Port Hawkesbury,45.62,-61.35,42.01,60,75,8.05
Muisne,0.6,-80.03,82.4,78,40,16.11
Mount Gambier,-37.83,140.77,46.4,93,40,4.41
Kannur,11.87,75.36,75.88,83,0,4.45
Boo,59.33,18.28,48.99,93,0,8.05
Fare,-16.7,-151.02,80.67,79,32,17.29
São João da Barra,-21.64,-41.05,86.0,66,20,20.8
Ugoofaaru,5.67,73.0,82.56,72,0,4.88
Guayaramerín,-10.84,-65.36,93.2,49,40,8.05
Tupik,54.43,119.93,13.87,91,0,1.63
Teya,60.38,92.63,24.89,95,100,10.83
Voh,-20.97,164.7,74.98,72,0,6.53
Provincia di Ancona,43.55,13.17,53.6,93,32,3.36
Dunmore East,52.15,-6.99,46.99,76,99,4.0
Quelimane,-17.88,36.89,77.0,78,0,9.17
Belmonte,-15.86,-38.88,80.6,74,75,18.34
Aden,12.78,45.04,81.93,61,0,8.28
Borås,57.72,12.94,46.0,93,75,9.17
Vestmanna,62.16,-7.17,46.4,87,96,11.41
Saint George,37.1,-113.58,68.0,17,1,2.64
Yerbogachën,61.28,108.01,16.77,89,100,13.89
Zhigansk,66.77,123.37,-8.55,91,80,5.77
Grindavik,63.84,-22.43,42.8,60,0,19.46
Kiunga,-6.12,141.29,70.84,97,77,1.19
Bandarbeyla,9.49,50.81,77.68,86,28,9.66
Naze,28.37,129.48,62.6,93,68,3.36
Kibala,9.11,18.35,80.6,74,0,3.47
Taoudenni,22.68,-3.98,85.08,15,0,4.76
Ingham,42.6,-84.38,53.01,40,1,8.05
Ransang,8.96,117.58,79.74,69,18,3.04
Collie,-33.37,116.15,55.99,50,0,8.43
Maniitsoq,65.42,-52.9,21.72,84,78,3.6
Gizo Government Station,-8.1,156.84,82.89,79,99,9.98
Suntar,62.14,117.63,9.93,90,14,5.14
Chiredzi,-21.05,31.67,77.45,32,0,10.38
Coyhaique,-45.58,-72.07,51.8,43,75,12.75
Luang Prabang,19.89,102.13,70.56,72,100,1.63
Sharan,54.82,54.0,30.96,92,83,11.21
Fort Nelson,58.81,-122.7,26.6,92,75,0.22
Kudahuvadhoo,2.67,72.89,82.89,76,45,11.5
Encruzilhada,-15.53,-40.91,73.72,86,100,1.79
Cancún,21.17,-86.85,86.0,74,75,8.05
Yei,4.09,30.68,69.04,90,100,1.81
Mogadouro,41.34,-6.71,48.99,91,0,2.19
Qaanaaq,77.48,-69.36,8.33,75,18,11.14
Shihezi,44.3,86.03,42.66,63,27,8.12
Emba,48.83,58.14,35.6,76,0,0.89
Katsuura,35.13,140.3,66.2,63,75,17.22
Coahuayana Viejo,18.73,-103.68,80.6,74,75,5.61
Quatre Cocos,-20.21,57.76,73.4,78,75,6.93
Kidal,18.44,1.41,83.95,14,0,10.4
Clyde River,70.47,-68.59,15.8,78,75,19.46
Porto Recanati,43.44,13.66,53.6,93,71,3.36
Englewood,39.65,-104.99,54.0,41,0,5.01
Vilyuysk,63.76,121.62,-3.6,92,36,3.06
Pacific Grove,36.62,-121.92,69.01,28,1,3.36
Narsaq,60.92,-46.05,30.2,80,75,3.31
Yangi Marg`ilon,40.43,71.72,37.4,55,100,6.93
Akdepe,42.06,59.38,35.6,59,0,6.93
Isangel,-19.55,169.27,75.31,68,35,14.92
Bellavista,-7.06,-76.59,93.2,56,40,3.36
Mercedes,-34.65,-59.43,57.0,81,99,7.56
Aripuanã,-9.17,-60.63,90.79,50,100,2.68
Saldanha,-33.01,17.94,62.6,67,100,4.7
San Jose,37.34,-121.89,71.01,19,75,3.36
Valladolid,41.58,-4.67,55.99,87,75,5.82
Panguna,-6.32,155.48,70.03,96,100,1.59
Matamoros,25.53,-103.25,64.4,25,5,4.38
Mukhen,48.1,136.1,34.54,92,100,2.08
Podor,16.65,-14.96,95.41,10,0,7.67
Vila Velha,-20.33,-40.29,84.99,78,40,18.34
Kattivākkam,13.22,80.32,78.8,94,75,2.24
Miahuatlán,18.57,-97.43,75.99,53,91,4.0
Imatra,61.17,28.75,48.0,94,100,11.95
Henties Bay,-22.12,14.28,57.99,89,10,3.0
Clyde,41.3,-82.98,52.0,70,75,1.01
El Espinal,16.33,-94.07,84.87,67,94,6.35
Inverell,-29.78,151.12,53.01,97,0,2.48
Teseney,15.11,36.66,83.8,32,0,13.44
Yulara,-25.24,130.99,62.6,33,0,5.82
Juba,4.85,31.58,78.28,69,68,1.61
Tabuk,17.42,121.44,73.36,88,100,1.19
Marsá Maţrūḩ,31.35,27.25,73.4,73,0,9.17
Valparaíso,-33.04,-71.63,75.2,39,0,19.46
Peace River,56.25,-117.29,39.2,64,20,12.75
Rødbyhavn,54.65,11.35,53.01,92,96,19.77
Kaohsiung City,22.62,120.31,80.6,74,75,4.7
Hobyo,5.35,48.53,79.63,80,66,10.65
Marrakesh,31.63,-8.01,71.6,46,0,4.7
Province of Trapani,37.83,12.67,66.2,63,40,10.29
Omboué,-1.57,9.26,75.76,90,100,2.08
Nizhniy Tsasuchey,50.52,115.13,28.47,89,0,6.64
Avera,33.19,-82.53,84.2,70,90,6.93
Snina,48.99,22.15,46.0,93,99,2.33
Bhīnmāl,25.0,72.25,73.45,22,0,3.47
Bilma,18.69,12.92,76.28,16,0,7.54
Padang,-0.95,100.35,77.61,70,100,4.16
Guruyan,12.74,123.94,75.9,92,77,3.27
Kuzino,57.02,59.44,29.88,92,4,12.3
Martaban,16.53,97.61,76.46,86,100,1.07
Sakakah,29.97,40.21,75.2,13,0,12.75
Borogontsy,62.67,131.17,3.58,94,100,4.0
Guasdualito,7.24,-70.73,86.85,69,100,4.56
Ahtopol,42.1,27.95,63.0,88,40,8.05
Giehun,7.88,-11.05,74.91,93,100,3.29
Tornio,65.85,24.15,44.6,93,90,17.22
Ejura,7.39,-1.36,78.24,62,51,2.35
Porto Nacional,-10.71,-48.42,75.2,94,75,19.46
Yanam,16.73,82.22,76.57,70,23,4.12
Ha Giang,22.83,104.98,72.16,80,100,3.44
Anadyr,64.75,177.48,6.8,92,0,6.71
São Miguel do Araguaia,-13.28,-50.16,78.42,79,100,4.92
Douglas,41.3,-96.17,55.99,30,1,3.6
Santiago,-33.46,-70.65,75.99,26,0,5.82
Shizunai-furukawachō,42.33,142.37,52.23,85,100,12.64
Nishifukuma,33.77,130.47,57.99,93,29,1.12
Oranjemund,-28.55,16.43,59.67,77,91,5.75
Grajewo,53.65,22.46,51.66,93,20,7.56
Manggar,-2.88,108.27,79.97,85,69,6.82
Tsimmerbude,54.67,20.13,50.0,87,75,4.47
Lumphat,13.49,106.98,71.69,97,100,7.78
Chara,56.91,118.26,2.52,86,0,0.54
Hirado,33.36,129.55,62.01,77,66,4.0
Cabedelo,-6.98,-34.83,82.4,65,40,10.29
Naliya,23.27,68.83,77.58,59,0,5.57
Mokhotlong,-29.29,29.07,60.21,56,86,6.67
Pregradnoye,45.82,41.75,54.64,76,60,17.27
Salt,32.04,35.73,71.6,40,99,2.35
Puksoozero,62.59,40.61,43.5,89,79,11.01
Port Macquarie,-31.43,152.92,57.2,100,11,4.36
Hong Kong,22.29,114.16,75.0,78,100,1.99
Road Town,18.42,-64.62,80.01,94,40,8.05
Mackay,-21.15,149.2,66.2,93,0,4.7
Namtsy,62.72,129.67,6.8,84,20,4.47
Soure,-0.72,-48.52,84.33,70,100,13.42
Los Llanos de Aridane,28.66,-17.92,71.6,68,75,13.87
High River,50.58,-113.87,37.99,85,100,1.01
Oktyabr'skiy,54.48,53.47,30.52,92,46,8.28
Meulaboh,4.14,96.13,76.21,85,100,3.71
Yaan,7.38,8.57,78.94,65,85,3.53
Abu Kamal,34.45,40.92,72.28,20,38,8.3
Dingle,11.0,122.67,75.52,89,34,4.41
Tevriz,57.51,72.4,20.57,98,99,3.29
Panabá,21.28,-88.27,83.25,83,97,11.43
Tessalit,20.2,1.01,81.72,15,0,9.08
Prince Rupert,54.32,-130.32,44.6,100,100,1.5
Karratha,-20.74,116.85,70.74,88,0,7.9
Kruisfontein,-34.0,24.73,64.0,88,16,1.01
Ubinskoye,55.31,79.68,19.65,94,19,13.62
Bontang,0.13,117.5,79.0,84,45,0.87
Lastoursville,-0.81,12.73,71.38,93,100,1.03
High Level,58.52,-117.14,24.8,100,90,3.36
Dubbo,-32.25,148.62,48.2,93,0,8.05
Oriximiná,-1.77,-55.87,95.49,41,22,5.06
Riverton,40.52,-111.94,54.0,43,1,7.45
Leh,34.17,77.58,31.57,71,0,4.54
Kalabo,-14.97,22.68,73.04,58,75,2.17
Lékoni,-1.58,14.26,70.36,88,91,3.22
Bentiu,9.23,29.83,80.04,48,0,1.99
Borba,-4.39,-59.59,91.08,55,85,1.88
Oudtshoorn,-33.59,22.2,59.0,100,91,3.36
Harper,4.38,-7.72,77.72,87,16,5.73
Eirunepé,-6.66,-69.87,94.69,46,88,3.06
Celestún,20.87,-90.4,85.24,66,0,8.19
Yumen,40.28,97.2,34.9,79,0,6.93
Lake Havasu City,34.48,-114.32,69.01,13,1,4.7
Māngrol,21.12,70.12,78.31,57,0,9.71
Yertsevo,60.8,40.09,41.76,95,92,5.41
Lucapa,-8.42,20.74,67.3,98,97,2.98
Wanning,18.8,110.4,78.39,89,87,15.5
Ayr,55.46,-4.63,50.0,76,75,12.75
Takoradze,4.88,-1.76,77.97,89,89,9.17
Laguna,38.42,-121.42,75.0,28,1,3.36
Batagay-Alyta,67.8,130.41,-0.09,83,97,2.59
Noyabrsk,63.2,75.45,1.76,91,0,8.46
Ashoknagar,24.57,77.72,68.88,36,0,3.2
Alegre,-20.76,-41.53,86.58,63,0,0.13
Anáhuac,27.23,-100.15,59.0,26,5,17.22
Buchanan,5.88,-10.05,80.6,94,40,7.45
Portobelo,9.55,-79.65,88.0,83,25,7.0
Noumea,-22.28,166.46,78.01,64,0,5.82
Wawa,9.9,4.42,80.4,39,0,2.62
Saint-Augustin,51.23,-58.65,31.42,82,19,6.51
Ternate,0.8,127.4,80.65,76,100,10.83
Kailua,21.4,-157.74,84.2,62,75,6.93
Tunceli,39.11,39.55,59.0,38,75,4.7
Ancud,-41.87,-73.82,53.6,54,75,6.93
Briceño,7.11,-75.55,73.65,82,98,2.33
Baruun-Urt,46.68,113.28,31.12,73,0,8.28
Warah,27.45,67.8,71.74,20,0,4.27
Kargasok,59.06,80.86,11.41,95,97,14.47
Itinga,-16.61,-41.77,86.72,57,88,2.08
Sabang,5.89,95.32,82.42,75,100,20.94
Qaqortoq,60.72,-46.03,30.2,80,75,7.11
San Jerónimo,-11.95,-75.28,69.91,21,99,3.49
Atikokan,48.76,-91.62,34.34,86,100,8.86
Juxtlahuaca,17.43,-99.15,81.7,57,72,5.57
Turukhansk,65.82,87.98,13.33,92,100,17.63
Kirkwall,58.98,-2.96,46.4,87,40,6.93
Ladário,-19.0,-57.6,98.6,44,20,10.29
Daura,11.55,11.41,82.58,21,94,10.29
Kjøpsvik,68.1,16.37,36.0,86,0,8.05
Nieuw Amsterdam,5.88,-55.08,95.0,47,40,2.24
Burgeo,47.62,-57.62,36.34,76,42,12.57
Luanda,-8.84,13.23,76.03,87,55,11.01
Ninghai,29.29,121.42,66.2,82,20,6.71
Flin Flon,54.77,-101.86,19.4,62,75,6.93
Toledo,39.83,-4.0,59.0,71,0,5.77
Shimoda,34.67,138.95,55.0,72,39,1.01
Egvekinot,66.32,-179.17,15.3,92,100,3.24
Rāvar,31.27,56.81,52.05,39,0,3.58
Valley City,46.92,-98.0,41.0,74,90,10.29
Denpasar,-8.65,115.22,78.8,88,75,5.82
Swan Hill,-35.34,143.55,53.78,83,0,5.06
Camacha,33.08,-16.33,66.2,88,75,6.93
Ulladulla,-35.35,150.47,57.2,93,90,4.7
Agüimes,27.91,-15.45,71.01,68,75,18.34
Killarney,52.05,-9.52,46.4,93,75,10.29
Acapulco de Juárez,16.86,-99.89,87.8,66,40,4.7
Port Augusta,-32.5,137.77,64.4,52,30,11.41
Manga,11.66,-1.07,79.81,17,0,3.65
Zabid,14.2,43.32,83.07,46,0,2.51
Formosa,-26.18,-58.18,93.2,38,0,5.82
Daru,-9.08,143.21,75.13,91,37,6.17
Hamilton,39.18,-84.53,55.4,76,90,5.82
Turan,16.07,108.22,73.4,94,40,4.59
Laramie,41.31,-105.59,41.0,68,1,3.36
Opuwo,-18.06,13.84,65.84,39,0,11.99
Hofn,64.25,-15.21,42.8,75,90,14.99
Izhma,65.01,53.91,40.33,93,100,12.73
Havre-St-Pierre,50.23,-63.6,28.4,68,90,4.7
Tifton,31.45,-83.51,87.01,66,40,6.93
Okhotsk,59.38,143.3,27.79,88,99,7.63
Ginir,7.13,40.7,56.5,80,42,4.38
Schruns,47.07,9.95,48.99,100,100,3.94
Vostok,46.49,135.88,28.42,100,100,4.32
Vila Franca do Campo,37.72,-25.43,66.2,63,40,8.05
Lompoc,34.64,-120.46,80.01,22,1,5.82
Soyo,-6.13,12.37,77.25,86,98,9.13
Ballina,-28.87,153.57,62.6,93,40,5.82
Mbaïki,3.87,17.99,72.21,96,100,0.78
Bosaso,11.28,49.18,77.05,68,0,5.77
Zhangaözen,43.3,52.8,41.9,59,0,18.32
Muros,42.78,-9.06,57.99,88,5,1.99
Aksha,50.28,113.29,28.49,86,99,0.67
Moose Factory,51.26,-80.61,30.2,86,75,13.87
Kisangani,0.52,25.2,71.28,98,100,1.77
Kushima,31.46,131.23,64.24,79,76,4.12
Gaoual,11.75,-13.2,78.87,47,96,1.1
Mikuni,36.22,136.15,60.8,77,40,14.99
Altamirano,16.88,-92.15,77.68,43,11,4.7
Bubaque,11.28,-15.83,83.91,75,73,7.85
Qian’an,44.99,124.06,31.33,82,0,7.05
Tambovka,50.1,128.05,30.2,74,40,11.18
Faya,18.39,42.45,62.6,17,0,6.93
San Patricio,28.02,-97.52,64.0,55,20,18.34
Imbituba,-28.24,-48.67,77.0,69,0,18.34
Santa Cruz,30.42,-9.6,62.6,82,0,3.36
Arrondissement de Bayonne,43.33,-1.42,59.0,72,90,3.36
Poya,-21.35,165.15,75.09,70,2,7.07
Panzhihua,26.59,101.71,66.69,80,94,0.67
Dickinson,29.46,-95.05,55.99,76,90,17.22
Luena,-11.78,19.92,67.82,76,100,2.3
Sobolevo,54.43,31.9,43.52,87,0,8.12
Fos-sur-Mer,43.44,4.94,59.0,87,0,6.67
Tchibanga,-2.85,11.03,70.25,98,100,2.04
Haines Junction,60.75,-137.51,32.0,92,98,1.12
Nanzhang,31.78,111.84,54.64,69,0,4.29
Adeje,28.12,-16.73,72.0,56,40,17.22
Berlevåg,70.86,29.09,37.4,81,75,14.99
Sioux Lookout,50.1,-91.92,26.6,73,90,6.93
Kunduz,36.73,68.86,45.18,43,0,3.27
Lerwick,60.15,-1.15,50.0,81,75,9.17
Kloulklubed,7.04,134.26,77.0,94,75,10.33
Zarubino,42.63,131.09,38.41,71,0,13.4
São Mateus do Maranhão,-4.04,-44.48,89.2,54,92,3.44
Hays,30.05,-98.03,61.0,56,0,8.99
Cayenne,4.93,-52.33,87.8,62,40,12.75
Glushkovo,51.34,34.63,44.24,81,0,7.72
Tānsen,27.87,83.55,53.74,85,0,4.68
Diffa,13.32,12.61,82.85,17,0,6.67
Maltahöhe,-24.83,16.98,74.77,20,95,11.03
Nekhayevskiy,50.41,41.76,37.0,57,0,9.17
Viedma,-40.81,-63.0,60.01,49,95,8.01
Arrondissement du Havre,49.58,0.33,53.6,76,100,27.51
Araouane,18.9,-3.53,90.14,14,53,8.3
Raudeberg,61.99,5.14,46.99,79,100,20.94
Dawson Creek,55.77,-120.24,44.6,45,1,10.29
Whitehorse,60.72,-135.05,28.99,86,90,9.17
